artista,brano,reddit_mentions,reddit_score,reddit_total_comments,sentiment_score,sentiment_label,top_comments
Fedez e Marco Masini,Male necessario,66,418,4436,0.81,positivo,"Le voci di Masini e Fedez insieme stanno bene come il salmone e il tiramis√π || Mi sembra un allucinazione ma solo 5 anni fa Fedez si vestiva con le felpe supreme leopardate e le ciabatte ora pare sempre un becchino || Egocentrismo di Fedez tocca nuove vette quando inserissce la parola ""Fedez"" nel testo"
Raf,Ora e per sempre,55,246,4436,0.789,positivo,"Nel 1947 Raf, uscendo dalla sede locale del PCI di Sganciabozzi sul Mincio, provincia di Mantova, vide un bambino che calciava con forza una lattina di Coca Cola. ""Come mai colpisci cos√¨ forte quella lattina, piccolo?"" gli chiese. ""Perch√® √® il simbolo di un sistema capitalista iperconsumista che non si fa scrupolo nello sfruttare le risorse del pianeta e la forza lavoro a basso prezzo generata dagli squilibri di potere del secolo scorso per arricchire i pochi potenti del mondo a discapito della collettivit√†."" Al che Raf rispose: ""Hai ragione, giovane, ma tu e la tua generazione siete la mia speranza per il futuro, eccoti un dollaro, spendilo per il bene della cosa pubblica!"" e porse al giovane un dollaro d'argento. Quel bambino era Hugo Chavez. || **Fiction RAI counter:** **\[2\]**

\-¬†*Franco Battiato. Il lungo viaggio*  
*- Versailles in piano sequenza* (conta come fiction RAI? la Francia notoriamente √® un invenzione cinematografica) || Raf di ritorno dalla turchia per intervento tricologico"
Bambole di pezza,Resta con me,46,258,4436,0.833,positivo,"""Oh sei stato al concerto di Max Pezzali sulla Costa Toscana?""

""Certo, ero l'Arbre Magique"" || FUN FACT LETTERARIO: Sandokan ha visto una delle ‚Äúprime‚Äù campagne marketing virali per la letteratura. Infatti, prima dell‚Äôuscita del racconto (che usciva ad episodi), avevano tappezzato la citt√† con poster che recitavano ‚Äúla tigre sta arrivando‚Äù, senza specificare per√≤ di cosa si trattasse, lasciando le persone intendere si potesse trattare di un circo itinerante o addirittura di una tigre scappata. || Aura di Max Pezzali distrugge il collegamento"
Arisa,Magica favola,46,199,4436,0.917,positivo,"https://preview.redd.it/3alyywbv6ilg1.jpeg?width=768&amp;format=pjpg&amp;auto=webp&amp;s=1ffbb11d2abbda571b1e73fba3b98beb8fe36427

Espressione di Arisa che canta || Raf e Arisa gli unici che riescono a cantare insomma || Arisa che voce bellissima che hai, lontana anni luce dagli altri partecipanti per ora"
Patty Pravo,Opera,43,260,4436,1.0,positivo,patty pravo ha votato monarchia o repubblica? || Non tutti sanno che Patty Pravo √® il fiore all'occhiello della Industrial light and magic di George Lucas in campo di animatronics. Per realizzare i movimenti facciali dell'esemplare utilizzato per la prima serata del festival di Sanremo sono stati utilizzati 14 servomotori alimentari da 12 celle al litio e comandati da una scheda elettronica miniaturizzata sapientemente nascosta nella capigliatura della marionetta. Che passi avanti che ha fatto la tecnologia. || Patty Pravo ha votato per il faraone Chefren
Dargen D'Amico,Ai Ai,42,176,4436,1.0,positivo,"Pensavo ad una bella polemica da parte di dargen ma nulla :( || Ah, per un attimo pensavoche avessero invitato a sorpresa Pucci travestito da Dargen || Dargen versione ape col polline sotto al naso"
Michele Bravi,Prima o poi,40,203,4436,0.88,positivo,"Michele Bravi √® un ragazzo d'oro, nonostante lavori dall'et√† di tre anni come spazza comignoli nella parte sud di Hell's Kitchen per aiutare la sua famiglia a sbarcare il lunario ha comunque trovato la strada per arrivare al successo, spinto dalla determinazione e dalla sua incredibile forza di volont√†. Non si √® fatto fermare neanche dall'incendio che ha coinvolto il suo intero guardaroba e ha preso in prestito il vestito buono di suo prozio Marcello, che attualmente lavora gi√π con i ragazzi alla tredicesima strada come tirapiedi di Franky Manidiporco e si √® presentato qui davanti a noi con il cuore in mano per toccare le corde della nostra anima. Che persona splendida. || Io ho lo stesso numero di Sanremo vinti e di persone ammazzate, Michele Bravi no || Non male. Meglio di quella di Michele Bravi.
E graziealcazzo direte voi"
Elettra Lamborghini,Voil√†,38,169,4436,0.75,positivo,"Confessione time: a me Elettra Lamborghini sta simpatica, sa benissimo di essere una privilegiata assoluta e non ci sdruma troppo i maroni || Zero voce, non si sente nulla. E sto giro non ha nemmeno il culo grosso: Elettra non ci siamo || Non ironicamente, vedrei bene Elettra Lamborghini a co-condurre il Festival pi√π che a cantare. Alla terza sera la cacciano perch√© ""Oh Carlo, at bel rot al caz eh!"""
Fulminacci,Stupida sfortuna,37,178,4436,1.0,positivo,"Fulminacci nell'abito di stasera:

https://preview.redd.it/6bku616wnilg1.png?width=655&amp;format=png&amp;auto=webp&amp;s=add9fa1aedfa24205cf81b08c163220513ed1a55

 || Forse alcuni di voi non sanno che sotto la maschera nera e lo spesso mantello scuro del vigilante mascherato noto come Zorro, la ""volpe"" che difende la gente comune e le popolazioni indigene dell'insediamento di Pueblo de Los √Ångeles dai funzionari corrotti del governo centrale in realt√† c'√® Don Fulminacci de la Vega. L'aristocratico californiano √® l'unico figlio di Don Alejandro de la Vega, il pi√π ricco proprietario terriero della California. Secondo i beneinformati ha imparato l'arte della spada mentre era all'universit√† di Roma Tre, dove ha anche sviluppato un profondo senso di giustizia e un'integerrima etica personale che lo porta a combattere per i pi√π deboli. || Fulminacci quest'anno punta in alto, e forse pu√≤ sperarlo. Certo che questo abito oversized a la David Bryne √® una scelta interessante."
Serena Brancale,Qui con me,35,197,4436,1.0,positivo,"Ah eccola Serena Brancale || https://preview.redd.it/7u6ltabbuilg1.jpeg?width=640&amp;format=pjpg&amp;auto=webp&amp;s=9103645d6a2e145eb5d7d6faaebad0c6fd55083d

Serena Brancale in diretta da Lothric || Max Pezzali sulla barca / Brancale che piange a fine esibizione / SANDOKAAAAN


WTF che rollercoaster"
Tommaso Paradiso,I romantici,32,156,4436,0.846,positivo,"Quello che mi piace di Tommaso paradiso √® che le sue canzoni non si somigliano mai || L‚Äôho scritto gi√†, ma lo ripeto. Tommaso paradiso √® il classico che scopa con le sue canzoni in sottofondo || Tommaso Paradiso canta la stessa canzone da 10 anni"
Levante,Sei tu,28,149,4436,1.0,positivo,"Anno 2029. In una tokyo post modernista tutti i sistemi produttivi sono interconnessi in una vasta rete elettronica che permea ogni aspetto della vita. La tecnologia ha portato alla la creazione di esseri cibernetici super avanzati: cyborg quasi integrali dal corpo meccanico che mantengono solo il cervello originale racchiuso in un guscio protettivo, lo shell. All'interno di questo simulaco risiede il ghost, anima e identit√† dell'individuo.
Veniamo catapultati al seguito del Maggiore Motoko Levante, un'agente d'elite della Sezione Pubblica 9, un'unit√† di sicurezza governativa specializzata in crimini informatici e terrorismo. Levante √® un cyborg quasi completo la cui natura artificiale la porta a interrogarsi costantemente sulla propria umanit√†.

La vicenda entra nel vivo quando la Sezione 9 si mette sulle tracce del The Puppet Master, un misterioso e pericolosissimo hacker capace di penetrare nelle menti altrui per controllarne i corpi o riscriverne i ricordi a scopi politici. Nel vivo della vicenda Motoko Levante si vede costretta ad infiltrarsi nel festival canoro di Sanremo per indagare sul sospetto principale della vicenda: Carlo Conti. || Che bella Levante. Grazie a Dio ha superato la sua fase coi capelli biondi che era inguardabile secondo me ahaha. E comunque ‚ÄúAlfonso‚Äù ancora incredibile come canzone || ""Levante, Sei tu""

https://preview.redd.it/jnwiypo8pilg1.png?width=438&amp;format=png&amp;auto=webp&amp;s=188fed28cbb7b78b42abc41576ce5aed22f4ecb0

"
Sal Da Vinci,Per sempre s√¨,27,156,4436,1.0,positivo,"\&gt; diventi famoso per una canzone da matrimoni napoletani

\&gt; inizi un programma in cui pizzerie si sfidano

\&gt; vai a Sanremo con una canzone ancora pi√π da matrimonio napoletano

Chad Da Vinci, proprio

https://preview.redd.it/2iy0dfwe0jlg1.png?width=1536&amp;format=png&amp;auto=webp&amp;s=3fda597c3bed09d1f655cea3899871b065e4d79e

 || Nel 1947 Raf, uscendo dalla sede locale del PCI di Sganciabozzi sul Mincio, provincia di Mantova, vide un bambino che calciava con forza una lattina di Coca Cola. ""Come mai colpisci cos√¨ forte quella lattina, piccolo?"" gli chiese. ""Perch√® √® il simbolo di un sistema capitalista iperconsumista che non si fa scrupolo nello sfruttare le risorse del pianeta e la forza lavoro a basso prezzo generata dagli squilibri di potere del secolo scorso per arricchire i pochi potenti del mondo a discapito della collettivit√†."" Al che Raf rispose: ""Hai ragione, giovane, ma tu e la tua generazione siete la mia speranza per il futuro, eccoti un dollaro, spendilo per il bene della cosa pubblica!"" e porse al giovane un dollaro d'argento. Quel bambino era Hugo Chavez. || ""Non mi convinci, ti devo controllare meglio Laura"""
Mara Sattei,Le cose che non sai di me,27,137,4436,1.0,positivo,"O muori da Mara Sattei, o vivi abbastanza da diventare Chiara Ferragni || Mara Sattei nome d'arte indecente || Speravo in Mara Maionchi che scendeva bestemmiando"
Ermal Meta,Stella stellina,27,134,4436,1.0,positivo,"105 anni

Comunque pi√π lucida di Grignani quando √® in buona e meno stracciacoglioni di Ermal Meta &amp; Fabrizio Moro || Prima del rebranding era Ermal Facebook || La storia di Ermal ""Newt"" Meta Scamander √® quella di un eroe atipico: un uomo guidato non dalla brama spasmodica di potere, ma da un profondo senso di empatia verso le creature pi√π incomprese del mondo magico.
Dopo una roccambolesca espulsione da Hogwarts e alcuni infruttuosi anni da dipendente del Ministero della Magia nell'Ufficio Regolazione e Controllo delle Creature Magiche, Ermal inizia a viaggiare per il mondo per scrivere un'enciclopedia sulle creature fantastiche, con lo scopo di far conoscere e appassionare quanti pi√π lettori possibile a questi esseri straordinari.
Il suo libro, Gli animali fantastici: dove trovarli, viene pubblicato nel 1927 e diventa un testo scolastico obbligatorio a Hogwarts. Terminato questo compito si dedica alla sua altra grande passione: la musica. Famosa la sua partecipazione al Festival di Sanremo 2026, durante la quale avrebbe obliviato il conduttore, Carlo Conti, e lo avrebbe poi sottoposto alla maledizione imperio per costringerlo a bullizzare la co-conduttrice Laura Pausini per tutta la durata della prima puntata."
Eddie Brock,Avvoltoi,25,107,4436,0.778,positivo,"https://preview.redd.it/pza4iwjezilg1.jpeg?width=334&amp;format=pjpg&amp;auto=webp&amp;s=11d6e52b6258fe3626be8c7d976366c369cc18cb

Olmo Brock || Grande Eddie ti seguivo da quando avevi il simbionte nero || Quindi fammi capire Eddie, hai intenzione di cannare tutte le note?"
J-Ax,Italia Starter Pack,24,123,4436,1.0,positivo,"J-Ax, al secolo Johny Axel, nasce nel 1923 in un piccolo ranch del Montana da mamma Elizabeth e pap√† Ronald. Gi√† dall'et√† di 7 anni mostra una spiccata propensione all'adomesticamento delle mandrie e innate doti di cavallerizzo. La sua carriera da cowboy sembra spianata davanti a lui come le vallate tra i monti di casa sua fino a quel tragico 8 dicembre 1941, quando viene arruolato forzatamente per andare a combattere per la libert√† dell'Europa e dell'occidente tutto, minacciato dalle mire espansionistiche del terzo reich. Sfortunatamente muore sul campo di battaglia per salvare 28 dei suoi compangni di plotone, che una volta tornati in patri intitoleranno a lui la piazza princiaple di Helena, capitale del Montana. Quello che si esibisce oggi √® un ologramma 3D interpolato digitalmente per tenerne viva la memoria. || https://preview.redd.it/zv2id8wvlilg1.jpeg?width=1200&amp;format=pjpg&amp;auto=webp&amp;s=a170b94ff27682d85f6eb7930a54922271394417

J-Ax || J-ax con lo stesso bastone da passeggio con cui va a menare le nutrie nel delta del Po il gioved√¨ pomeriggio"
Francesco Renga,Il meglio di me,22,90,4436,0.833,positivo,"Mi spiace molto che il fonico stia facendo cos√¨ un bel lavoro con Renga || E adesso diamo il benvenuto ad un altro Sandokan

FRANCESCO SCHIAVO---- || questo e' il momento in cui francesco renga caga sul microfono?"
Chiello,Ti penso sempre,21,108,4436,1.0,positivo,"Non tutti sanno che Patty Pravo √® il fiore all'occhiello della Industrial light and magic di George Lucas in campo di animatronics. Per realizzare i movimenti facciali dell'esemplare utilizzato per la prima serata del festival di Sanremo sono stati utilizzati 14 servomotori alimentari da 12 celle al litio e comandati da una scheda elettronica miniaturizzata sapientemente nascosta nella capigliatura della marionetta. Che passi avanti che ha fatto la tecnologia. || Persone chiello

https://preview.redd.it/5qfkoeo05jlg1.jpeg?width=500&amp;format=pjpg&amp;auto=webp&amp;s=91eb8d2d1ed0ce8bc0f5e1f57a500047c32ba1f4 || Vi comunico che nel frattempo Chiello ha montato la tenda nella periferia di Sanremo e sta vendendo skooma a buon mercato"
Malika Ayane,Animali notturni,20,88,4436,1.0,positivo,Malika Ayane ha fatto il pezzo di Serena Brancale || Pensa essere sorpresi da Malika Ayane con un pezzo movimentato quando si pensava ad una ballad. || Ma questo mood jazz fusion giapponese? Daje Malika Ayane
Sayf,Tu mi piaci tanto,19,90,4436,1.0,positivo,"SAYF

https://preview.redd.it/68tf9ump2ilg1.jpeg?width=1200&amp;format=pjpg&amp;auto=webp&amp;s=c792c3b5f4a8109dfab4762f5d53d7a292f5f511 || Sayf giovane modello di virt√π, degno rapprende di questa rampante generazione che ci sta traghettando fuori dalla crisi del '29 e dagli anni bui del proibizionismo, verso i ruggenti anni 40, che ci aspettano ridenti subito al di l√† della collina. Sorridete, amici, il futuro √® prospero! || Posso dire? Bravo Sayf, accettabilissima"
Nayt,Prima che,18,78,4436,0.5,positivo,"Comunque uno che fa di nome un fighissimo ""William Mezzanotte"" decide di usare come nome d'arte un ""Nayt"" (in un Sanremo in cui peraltro c'√® un altro cantante con un nome d'arte di 4 lettere la cui terza √® una y) ha un pessimo gusto. || Comunque Nayt si chiama William Mezzanotte, non aveva minimamente bisogno di un nome d'arte || *""La realt√† non si vede / Finch√© io non ti vedo / Finch√© tu non ci vedi me""*

*Nayt essere tipo:*

https://preview.redd.it/vu5waf3txilg1.png?width=600&amp;format=png&amp;auto=webp&amp;s=39e3861cbef2e13af664f28bf6de485024d458d4

"
Samurai Jay,Ossessione,17,64,4436,0.818,positivo,"*C'era una volta in una terra lontana, io, Aku, il magico maestro delle tenebre, scatenai una indicibile malvagit√†.*  
*Ma uno stolto samurai guerriero impugnando una spada magica si fece avanti per opporsi a me.*   
*Prima che il colpo finale venisse sferrato, aprii un portale nel tempo e lo scagliai a Sanremo, dove la mia malvagit√† √® legge.*  
*Ora lo stolto cerca di tornare nel passato e annullare il futuro che √® CARLO CONTI* || non poteva cantare tiziano ferro senza samurai jack? || Suzuki samurai jay"
Ditonellapiaga,Che fastidio!,15,93,4436,1.0,positivo,"Riassunto dell'esibizione di Ditonellapiaga:

https://i.redd.it/v4wyz10c0ilg1.gif

 || Ditonellapiaga si √® esibita per prima e di solito non √® mai un buon segno. Il paradosso √® che davvero la sua √® probabilmente la canzone migliore || Boia ditonellapiaga mi ha gia racimolato 60 punti al fantasanremo... alla faccia"
Maria Antonietta e Colombre,La felicit√† e basta,15,54,4436,1.0,positivo,"Altro che 20 anni, Letizia Cesarini in arte Maria Antonietta ha quasi 40 anni!  E Colombre quasi 45 What??? || Io giuro che su quel ""Maria Maria"" ho pensato quella di J-Ax || Maria Antonietta mi tira fuori un omnichord, mi sale nel top della classifica"
Tredici Pietro,Uomo che cade,13,42,4436,1.0,positivo,"Sapevatelo:

Tredici Pietro -&gt; figlio di Gianni Morandi

Leo Gassman -&gt; figlio di Alessandro Gassman (era facile)

LDA -&gt; figlio di Gigi D'Alessio || Tredici Pietro in Marty Supreme || 13 pietro censurato dai poteri forti"
Luch√®,Labirinto,12,48,4436,0.867,positivo,"quest'anno noto 3 macrocategorie

- chi lotta per fare il pezzo pi√π eurovision possibile
- chi lotta per fare il pezzo pi√π sanremo possibile
- luch√® || luch√® ti voglio bene ma stasera hai fatto il karaoke || Grande Luch√® mi ricordo di quando cantavi di avere un iguana al guinzaglio"
Enrico Nigiotti,Ogni volta che non so volare,12,33,4436,1.0,positivo,"Rockband dal nome figo, conduce Enrico Melozzi... fiera d'averle in squadra u.u || Enrico fai uno shoutout al mitico Frusciantone, rendi fiera Livorno || ricordiamolo che carlo conti ha scartato emma nolde per prendere nigiotti (la quota toscana)"
Leo Gassmann,Naturale,4,12,4436,1.0,positivo,"""Tu che sei pi√π bella al naturale"" dio mio e io che pensavo la canzone incellona redpillona fosse quella di Masini-Fedex. Gassmann, quoque tu? || Ecco il mio personale pronostico del tema delle canzoni senza averle sentite n√© letto il testo su Sorrisi e Canzoni TV, ma puramente dal titolo e dai cantanti.

* **Ditonellapiaga - ""Che fastidio!""** Probabilmente la descrizione di un letterale dito nella piaga, dopotutto fa male eh.
* **Michele Bravi - ""Prima o poi""** Michele Bravi minaccia Alex, il fonico di Sanremo. 
* **Sayf - ""Tu mi piaci tanto""** Tipica canzone d'amore sanremese, ma per GenZ perch√© ho una y nel nome.
* **Mara Sattei - ""Le cose che non sai di me""** L'esatto opposto delle ""Cose in Comune"" di Daniele Silvestri.
* **Dargen D'Amico - ""Ai ai""** Un bambino delle elementari che non conosce l'esistenza della lettera acca.
* **Arisa - ""Magica favola""** Beh, autoesplicito. Quanto meno c'√® sincerit√† in questo titolo
* **Luch√® - ""Labirinto""** Luch√® racconta di come non trova l'uscita dal camerino.
* **Tommaso Paradiso - ""I romantici""** Tipica canzone d'amore sanremese pt.2, ma per millenial perch√© sono Tommaso Paradiso.
* **Elettra Lamborghini - ""Voil√†""** Elettra fa Elettra e descrive azioni letterali.
* **Patty Pravo - ""Opera""** La non-sono-di-destra-eh-ma-sicuramente-non-sono-di-sinistra Patty dedica una canzone a Beatrice Venezi.
* **Samurai Jay - ""Ossessione""** Canzone incellona? Capiamo.
* **Raf - ""Ora e per sempre""** Raf ci svela il segreto di come √® eternamente un'affascinante 37enne.
* **J-Ax - ""Italia starter pack""** La Terra dei Cachi, ma fatta 30 anni dopo (e probabilmente fuori luogo).
* **Fulminacci - ""Stupida sfortuna""** Fulminacci ci racconta l'origine del suo nome e di come fu colpito da un fulmine.
* **Levante - ""Sei tu""** 3 minuti di silenzio, in cui indica membri del pubblico a caso.
* **Fedez &amp; Masini - ""Male necessario""** Canzone incellona, pt. 2? Capiamo.
* **Ermal Meta - ""Stella stellina""** La notte si avvicina?
* **Serena Brancale - ""Qui con me""** Serena mi ha invitato a cena, e voi no, gn√® gn√®
* **Nayt - ""Prima che""** Tipica canzone d'amore sanremese, ma per GenZ perch√© ho una y nel no- ehi l'ho gi√† sentito.
* **Malika Ayane - ""Animali notturni""** Descrizione dei membri del megathread alle 2 di notte per ascoltare il 23esimo cantante.
* **Eddie Brock - ""Avvoltoi""** Descrizione ornitologica di questi inquietanti animali.
* **Sal Da Vinci - ""Per sempre s√¨""** La canzone dei matrimoni napoletani per i prossimi 20 anni.
* **Enrico Nigiotti - ""Ogni volta che non so volare""** Enrico, non sei un uccello, ovvio che non sai volare.
* **Tredici Pietro - ""Uomo che cade""** Descrizione di un uomo che cade, forse a causa di uno schiaffone fatto con le enormi mani del padre di Tredici Pietro.
* **Bambole di Pezza - ""Resta con me""** Canzone horror in cui bambole possedute ti invitano a restare con loro.
* **Chiello - ""Ti penso sempre""** Altra ennesima canzone incellona? Capiamo.
* **Maria Antonietta &amp; Colombre - ""La felicit√† e basta""** Cover della canzone di Albano e Romina Power e basta.
* **Leo Gassmann - ""Naturale""** Leo Gassman ci descrive l'offerta Verso Natura¬†Conad e come utilizzarli al meglio.
* **Francesco Renga - ""Il meglio di me""** Francesco Rengarok fa vocalizzi per 3 minuti e mezzo.
* **LDA &amp; Aka 7even - ""Poesie clandestine""** Un racconto storico accurato sulle *Samizdat*¬†dell'Unione Sovietica, con partecipazione dello storico Barbero che fa spranga-boxing. || Leo Gassmann e Can Yaman sul palco, qualcuno mi dia da bere che sto perdendo troppi liquidi"
LDA e AKA 7even,Poesie clandestine,4,8,4436,1.0,positivo,"LDA e Aka 7even sono Mignolo e Prof che si sono trasformati in esseri umani per 24 ore || Ecco il mio personale pronostico del tema delle canzoni senza averle sentite n√© letto il testo su Sorrisi e Canzoni TV, ma puramente dal titolo e dai cantanti.

* **Ditonellapiaga - ""Che fastidio!""** Probabilmente la descrizione di un letterale dito nella piaga, dopotutto fa male eh.
* **Michele Bravi - ""Prima o poi""** Michele Bravi minaccia Alex, il fonico di Sanremo. 
* **Sayf - ""Tu mi piaci tanto""** Tipica canzone d'amore sanremese, ma per GenZ perch√© ho una y nel nome.
* **Mara Sattei - ""Le cose che non sai di me""** L'esatto opposto delle ""Cose in Comune"" di Daniele Silvestri.
* **Dargen D'Amico - ""Ai ai""** Un bambino delle elementari che non conosce l'esistenza della lettera acca.
* **Arisa - ""Magica favola""** Beh, autoesplicito. Quanto meno c'√® sincerit√† in questo titolo
* **Luch√® - ""Labirinto""** Luch√® racconta di come non trova l'uscita dal camerino.
* **Tommaso Paradiso - ""I romantici""** Tipica canzone d'amore sanremese pt.2, ma per millenial perch√© sono Tommaso Paradiso.
* **Elettra Lamborghini - ""Voil√†""** Elettra fa Elettra e descrive azioni letterali.
* **Patty Pravo - ""Opera""** La non-sono-di-destra-eh-ma-sicuramente-non-sono-di-sinistra Patty dedica una canzone a Beatrice Venezi.
* **Samurai Jay - ""Ossessione""** Canzone incellona? Capiamo.
* **Raf - ""Ora e per sempre""** Raf ci svela il segreto di come √® eternamente un'affascinante 37enne.
* **J-Ax - ""Italia starter pack""** La Terra dei Cachi, ma fatta 30 anni dopo (e probabilmente fuori luogo).
* **Fulminacci - ""Stupida sfortuna""** Fulminacci ci racconta l'origine del suo nome e di come fu colpito da un fulmine.
* **Levante - ""Sei tu""** 3 minuti di silenzio, in cui indica membri del pubblico a caso.
* **Fedez &amp; Masini - ""Male necessario""** Canzone incellona, pt. 2? Capiamo.
* **Ermal Meta - ""Stella stellina""** La notte si avvicina?
* **Serena Brancale - ""Qui con me""** Serena mi ha invitato a cena, e voi no, gn√® gn√®
* **Nayt - ""Prima che""** Tipica canzone d'amore sanremese, ma per GenZ perch√© ho una y nel no- ehi l'ho gi√† sentito.
* **Malika Ayane - ""Animali notturni""** Descrizione dei membri del megathread alle 2 di notte per ascoltare il 23esimo cantante.
* **Eddie Brock - ""Avvoltoi""** Descrizione ornitologica di questi inquietanti animali.
* **Sal Da Vinci - ""Per sempre s√¨""** La canzone dei matrimoni napoletani per i prossimi 20 anni.
* **Enrico Nigiotti - ""Ogni volta che non so volare""** Enrico, non sei un uccello, ovvio che non sai volare.
* **Tredici Pietro - ""Uomo che cade""** Descrizione di un uomo che cade, forse a causa di uno schiaffone fatto con le enormi mani del padre di Tredici Pietro.
* **Bambole di Pezza - ""Resta con me""** Canzone horror in cui bambole possedute ti invitano a restare con loro.
* **Chiello - ""Ti penso sempre""** Altra ennesima canzone incellona? Capiamo.
* **Maria Antonietta &amp; Colombre - ""La felicit√† e basta""** Cover della canzone di Albano e Romina Power e basta.
* **Leo Gassmann - ""Naturale""** Leo Gassman ci descrive l'offerta Verso Natura¬†Conad e come utilizzarli al meglio.
* **Francesco Renga - ""Il meglio di me""** Francesco Rengarok fa vocalizzi per 3 minuti e mezzo.
* **LDA &amp; Aka 7even - ""Poesie clandestine""** Un racconto storico accurato sulle *Samizdat*¬†dell'Unione Sovietica, con partecipazione dello storico Barbero che fa spranga-boxing. || #üèÜ LA CLASSIFICA DEL SUB  

**MIGLIOR CANZONE**

|Posizione|Partecipante|Punteggio|
|:-|:-|:-|
|ü•á| ¬∑ Dito nella piaga|5777|
|ü•à| ¬∑ Fulminacci|3747|
|ü•â| ¬∑ Maria Antonietta &amp; Colombre|3667|
|4| ¬∑ Malika Ayane|3307|
|5| ¬∑ Levante|2200|
|6| ¬∑ Dargen D'Amico|1953|
|7| ¬∑ Bambole di Pezza|1903|
|8| ¬∑ Tredici Pietro|1703|
|9| ¬∑ Sal Da Vinci|1227|
|10| ¬∑ Arisa|723|
|11| ¬∑ Serena Brancale|583|
|12| ¬∑ Sayf|563|
|13| ¬∑ Chiello|533|
|14| ¬∑ Raf|217|
|15| ¬∑ Ermal Meta|27|
|16| ¬∑ J-Ax|-103|
|17| ¬∑ LDA e AKA 7even|-120|
|18| ¬∑ Nayt|-667|
|19| ¬∑ Samurai Jay|-1977|
|20| ¬∑ Fedez &amp; Masini|-2367|
|21| ¬∑ Mara Sattei|-2780|
|22| ¬∑ Patty Pravo|-3267|
|23| ¬∑ Enrico Nigiotti|-3390|
|24| ¬∑ Elettra Lamborghini|-3600|
|25| ¬∑ Michele Bravi|-4027|
|26| ¬∑ Francesco Renga|-4097|
|27| ¬∑ Tommaso Paradiso|-4133|
|28| ¬∑ Leo Gassmann|-4333|
|29| ¬∑ Luch√®|-6490|
|30| ¬∑ Eddie Brock|-6520|

---

**MIGLIOR ESIBIZIONE**

|Posizione|Partecipante|Punteggio|
|:-|:-|:-|
|ü•á| ¬∑ Dito nella piaga|6083|
|ü•à| ¬∑ Arisa|4647|
|ü•â| ¬∑ Levante|4157|
|4| ¬∑ Malika Ayane|3663|
|5| ¬∑ Maria Antonietta &amp; Colombre|3637|
|6| ¬∑ Bambole di Pezza|3467|
|7| ¬∑ Fulminacci|3223|
|8| ¬∑ Serena Brancale|2540|
|9| ¬∑ Dargen D'Amico|2480|
|10| ¬∑ Sal Da Vinci|2210|
|11| ¬∑ LDA e AKA 7even|2040|
|12| ¬∑ J-Ax|1597|
|13| ¬∑ Ermal Meta|840|
|14| ¬∑ Raf|717|
|15| ¬∑ Chiello|-53|
|16| ¬∑ Sayf|-757|
|17| ¬∑ Elettra Lamborghini|-803|
|18| ¬∑ Tredici Pietro|-1017|
|19| ¬∑ Mara Sattei|-1083|
|20| ¬∑ Nayt|-1250|
|21| ¬∑ Samurai Jay|-1320|
|22| ¬∑ Patty Pravo|-1633|
|23| ¬∑ Fedez &amp; Masini|-1650|
|24| ¬∑ Francesco Renga|-2543|
|25| ¬∑ Enrico Nigiotti|-3043|
|26| ¬∑ Michele Bravi|-3707|
|27| ¬∑ Leo Gassmann|-3890|
|28| ¬∑ Tommaso Paradiso|-4867|
|29| ¬∑ Eddie Brock|-6863|
|30| ¬∑ Luch√®|-7897|"
